{"cameraMode":{"drawMode":0,"name":"Shaded","section":"Shading Mode"},"sceneLighting":true,"audioPlay":false,"sceneViewState":{"m_AlwaysRefresh":false,"showFog":true,"showSkybox":true,"showFlares":true,"showImageEffects":true,"showParticleSystems":true,"showVisualEffectGraphs":true,"m_FxEnabled":true},"in2DMode":false,"pivot":{"x":551.4934692382813,"y":-13.613617897033692,"z":507.5573425292969},"rotation":{"x":0.012663603760302067,"y":0.39951637387275698,"z":-0.005508057773113251,"w":0.9166813492774963},"size":401.1365661621094,"orthographic":false}